x,y,concentration
0.0,0.0,0.0
0.0,2.5,0.0
0.0,5.0,0.0
0.0,7.5,0.0
0.0,10.0,0.0
0.0,12.5,0.0
0.0,15.0,0.0
0.0,17.5,0.0
0.0,20.0,0.0
0.0,22.5,0.0
0.0,25.0,0.0
0.0,27.5,0.0
0.0,30.0,0.0
0.0,32.5,0.0
0.0,35.0,0.0
0.0,37.5,0.0
0.0,40.0,0.0
0.0,42.5,0.0
0.0,45.0,0.0
0.0,47.5,0.0
0.0,50.0,0.0
0.0,52.5,0.0
0.0,55.0,0.0
0.0,57.5,0.0
0.0,60.0,0.0
0.0,62.5,0.0
0.0,65.0,0.0
0.0,67.5,0.0
0.0,70.0,0.0
0.0,72.5,0.0
0.0,75.0,0.0
0.0,77.5,0.0
0.0,80.0,0.0
0.0,82.5,0.0
0.0,85.0,0.0
0.0,87.5,0.0
0.0,90.0,0.0
0.0,92.5,0.0
0.0,95.0,0.0
0.0,97.5,0.0
2.5,0.0,0.0
2.5,2.5,0.0
2.5,5.0,0.0
2.5,7.5,0.0
2.5,10.0,0.0
2.5,12.5,0.0
2.5,15.0,0.0
2.5,17.5,0.0
2.5,20.0,0.0
2.5,22.5,0.0
2.5,25.0,0.0
2.5,27.5,0.0
2.5,30.0,0.0
2.5,32.5,0.0
2.5,35.0,0.0
2.5,37.5,0.0
2.5,40.0,0.0
2.5,42.5,0.0
2.5,45.0,0.0
2.5,47.5,0.0
2.5,50.0,0.0
2.5,52.5,0.0
2.5,55.0,0.0
2.5,57.5,0.0
2.5,60.0,0.0
2.5,62.5,0.0
2.5,65.0,0.0
2.5,67.5,0.0
2.5,70.0,0.0
2.5,72.5,0.0
2.5,75.0,0.0
2.5,77.5,0.0
2.5,80.0,0.0
2.5,82.5,0.0
2.5,85.0,0.0
2.5,87.5,0.0
2.5,90.0,0.0
2.5,92.5,0.0
2.5,95.0,0.0
2.5,97.5,0.0
5.0,0.0,0.0
5.0,2.5,0.0
5.0,5.0,0.0
5.0,7.5,0.0
5.0,10.0,0.0
5.0,12.5,0.0
5.0,15.0,0.0
5.0,17.5,0.0
5.0,20.0,0.0
5.0,22.5,0.0
5.0,25.0,0.0
5.0,27.5,0.0
5.0,30.0,0.0
5.0,32.5,0.0
5.0,35.0,0.0
5.0,37.5,0.0
5.0,40.0,0.0
5.0,42.5,0.0
5.0,45.0,0.0
5.0,47.5,0.0
5.0,50.0,0.0
5.0,52.5,0.0
5.0,55.0,0.0
5.0,57.5,0.0
5.0,60.0,0.0
5.0,62.5,0.0
5.0,65.0,0.0
5.0,67.5,0.0
5.0,70.0,0.0
5.0,72.5,0.0
5.0,75.0,0.0
5.0,77.5,0.0
5.0,80.0,0.0
5.0,82.5,0.0
5.0,85.0,0.0
5.0,87.5,0.0
5.0,90.0,0.0
5.0,92.5,0.0
5.0,95.0,0.0
5.0,97.5,0.0
7.5,0.0,0.0
7.5,2.5,0.0
7.5,5.0,0.0
7.5,7.5,0.0
7.5,10.0,0.0
7.5,12.5,0.0
7.5,15.0,0.0
7.5,17.5,0.0
7.5,20.0,0.0
7.5,22.5,0.0
7.5,25.0,0.0
7.5,27.5,0.0
7.5,30.0,0.0
7.5,32.5,0.0
7.5,35.0,0.0
7.5,37.5,0.0
7.5,40.0,0.0
7.5,42.5,0.0
7.5,45.0,0.0
7.5,47.5,0.0
7.5,50.0,0.0
7.5,52.5,0.0
7.5,55.0,0.0
7.5,57.5,0.0
7.5,60.0,0.0
7.5,62.5,0.0
7.5,65.0,0.0
7.5,67.5,0.0
7.5,70.0,0.0
7.5,72.5,0.0
7.5,75.0,0.0
7.5,77.5,0.0
7.5,80.0,0.0
7.5,82.5,0.0
7.5,85.0,0.0
7.5,87.5,0.0
7.5,90.0,0.0
7.5,92.5,0.0
7.5,95.0,0.0
7.5,97.5,0.0
10.0,0.0,0.0
10.0,2.5,0.0
10.0,5.0,0.0
10.0,7.5,0.0
10.0,10.0,0.0
10.0,12.5,0.0
10.0,15.0,0.0
10.0,17.5,0.0
10.0,20.0,0.0
10.0,22.5,0.0
10.0,25.0,0.0
10.0,27.5,0.0
10.0,30.0,0.0
10.0,32.5,0.0
10.0,35.0,0.0
10.0,37.5,0.0
10.0,40.0,0.0
10.0,42.5,0.0
10.0,45.0,0.0
10.0,47.5,0.0
10.0,50.0,0.0
10.0,52.5,0.0
10.0,55.0,0.0
10.0,57.5,0.0
10.0,60.0,0.0
10.0,62.5,0.0
10.0,65.0,0.0
10.0,67.5,0.0
10.0,70.0,0.0
10.0,72.5,0.0
10.0,75.0,0.0
10.0,77.5,0.0
10.0,80.0,0.0
10.0,82.5,0.0
10.0,85.0,0.0
10.0,87.5,0.0
10.0,90.0,0.0
10.0,92.5,0.0
10.0,95.0,0.0
10.0,97.5,0.0
12.5,0.0,0.0
12.5,2.5,0.0
12.5,5.0,0.0
12.5,7.5,0.0
12.5,10.0,0.0
12.5,12.5,0.0
12.5,15.0,0.0
12.5,17.5,0.0
12.5,20.0,0.0
12.5,22.5,0.0
12.5,25.0,0.0
12.5,27.5,0.0
12.5,30.0,0.0
12.5,32.5,0.0
12.5,35.0,0.0
12.5,37.5,0.0
12.5,40.0,0.0
12.5,42.5,0.0
12.5,45.0,0.0
12.5,47.5,0.0
12.5,50.0,14.698737118726296
12.5,52.5,0.0
12.5,55.0,0.0
12.5,57.5,0.0
12.5,60.0,0.0
12.5,62.5,0.0
12.5,65.0,0.0
12.5,67.5,0.0
12.5,70.0,0.0
12.5,72.5,0.0
12.5,75.0,0.0
12.5,77.5,0.0
12.5,80.0,0.0
12.5,82.5,0.0
12.5,85.0,0.0
12.5,87.5,0.0
12.5,90.0,0.0
12.5,92.5,0.0
12.5,95.0,0.0
12.5,97.5,0.0
15.0,0.0,0.0
15.0,2.5,0.0
15.0,5.0,0.0
15.0,7.5,0.0
15.0,10.0,0.0
15.0,12.5,0.0
15.0,15.0,0.0
15.0,17.5,0.0
15.0,20.0,0.0
15.0,22.5,0.0
15.0,25.0,0.0
15.0,27.5,0.0
15.0,30.0,0.0
15.0,32.5,0.0
15.0,35.0,0.0
15.0,37.5,0.0
15.0,40.0,0.0
15.0,42.5,0.0
15.0,45.0,0.0
15.0,47.5,28.522737118726297
15.0,50.0,999958.9273979708
15.0,52.5,28.04739797077503
15.0,55.0,0.0
15.0,57.5,0.0
15.0,60.0,0.0
15.0,62.5,0.0
15.0,65.0,0.0
15.0,67.5,0.0
15.0,70.0,0.0
15.0,72.5,0.0
15.0,75.0,0.0
15.0,77.5,0.0
15.0,80.0,0.0
15.0,82.5,0.0
15.0,85.0,0.0
15.0,87.5,0.0
15.0,90.0,0.0
15.0,92.5,0.0
15.0,95.0,0.0
15.0,97.5,0.0
17.5,0.0,0.0
17.5,2.5,0.0
17.5,5.0,0.0
17.5,7.5,0.0
17.5,10.0,0.0
17.5,12.5,0.0
17.5,15.0,0.0
17.5,17.5,0.0
17.5,20.0,0.0
17.5,22.5,0.0
17.5,25.0,0.0
17.5,27.5,0.0
17.5,30.0,0.0
17.5,32.5,0.0
17.5,35.0,0.0
17.5,37.5,0.0
17.5,40.0,0.0
17.5,42.5,0.0
17.5,45.0,27.648057600000005
17.5,47.5,999972.3520576
17.5,50.0,1000000.0
17.5,52.5,999972.3520576
17.5,55.0,27.648057600000005
17.5,57.5,0.0
17.5,60.0,0.0
17.5,62.5,0.0
17.5,65.0,0.0
17.5,67.5,0.0
17.5,70.0,0.0
17.5,72.5,0.0
17.5,75.0,0.0
17.5,77.5,0.0
17.5,80.0,0.0
17.5,82.5,0.0
17.5,85.0,0.0
17.5,87.5,0.0
17.5,90.0,0.0
17.5,92.5,0.0
17.5,95.0,0.0
17.5,97.5,0.0
20.0,0.0,0.0
20.0,2.5,0.0
20.0,5.0,0.0
20.0,7.5,0.0
20.0,10.0,0.0
20.0,12.5,0.0
20.0,15.0,0.0
20.0,17.5,0.0
20.0,20.0,0.0
20.0,22.5,0.0
20.0,25.0,0.0
20.0,27.5,0.0
20.0,30.0,0.0
20.0,32.5,0.0
20.0,35.0,0.0
20.0,37.5,0.0
20.0,40.0,0.0
20.0,42.5,13.824000000000002
20.0,45.0,999958.528
20.0,47.5,1000000.0
20.0,50.0,1000000.0
20.0,52.5,1000000.0
20.0,55.0,999958.528
20.0,57.5,13.824000000000002
20.0,60.0,0.0
20.0,62.5,0.0
20.0,65.0,0.0
20.0,67.5,0.0
20.0,70.0,0.0
20.0,72.5,0.0
20.0,75.0,0.0
20.0,77.5,0.0
20.0,80.0,0.0
20.0,82.5,0.0
20.0,85.0,0.0
20.0,87.5,0.0
20.0,90.0,0.0
20.0,92.5,0.0
20.0,95.0,0.0
20.0,97.5,0.0
22.5,0.0,0.0
22.5,2.5,0.0
22.5,5.0,0.0
22.5,7.5,0.0
22.5,10.0,0.0
22.5,12.5,0.0
22.5,15.0,0.0
22.5,17.5,0.0
22.5,20.0,0.0
22.5,22.5,0.0
22.5,25.0,0.0
22.5,27.5,0.0
22.5,30.0,0.0
22.5,32.5,0.0
22.5,35.0,0.0
22.5,37.5,0.0
22.5,40.0,0.0
22.5,42.5,0.0
22.5,45.0,27.647942399999998
22.5,47.5,999972.3519424
22.5,50.0,1000000.0
22.5,52.5,999972.3519424
22.5,55.0,27.647942399999998
22.5,57.5,0.0
22.5,60.0,0.0
22.5,62.5,0.0
22.5,65.0,0.0
22.5,67.5,0.0
22.5,70.0,0.0
22.5,72.5,0.0
22.5,75.0,0.0
22.5,77.5,0.0
22.5,80.0,0.0
22.5,82.5,0.0
22.5,85.0,0.0
22.5,87.5,0.0
22.5,90.0,0.0
22.5,92.5,0.0
22.5,95.0,0.0
22.5,97.5,0.0
25.0,0.0,0.0
25.0,2.5,0.0
25.0,5.0,0.0
25.0,7.5,0.0
25.0,10.0,0.0
25.0,12.5,0.0
25.0,15.0,0.0
25.0,17.5,0.0
25.0,20.0,0.0
25.0,22.5,0.0
25.0,25.0,0.0
25.0,27.5,0.0
25.0,30.0,0.0
25.0,32.5,0.0
25.0,35.0,0.0
25.0,37.5,0.0
25.0,40.0,0.0
25.0,42.5,0.0
25.0,45.0,0.0
25.0,47.5,27.647942399999998
25.0,50.0,999958.5279424
25.0,52.5,27.647942399999998
25.0,55.0,0.0
25.0,57.5,0.0
25.0,60.0,0.0
25.0,62.5,0.0
25.0,65.0,0.0
25.0,67.5,0.0
25.0,70.0,0.0
25.0,72.5,0.0
25.0,75.0,0.0
25.0,77.5,0.0
25.0,80.0,0.0
25.0,82.5,0.0
25.0,85.0,0.0
25.0,87.5,0.0
25.0,90.0,0.0
25.0,92.5,0.0
25.0,95.0,0.0
25.0,97.5,0.0
27.5,0.0,0.0
27.5,2.5,0.0
27.5,5.0,0.0
27.5,7.5,0.0
27.5,10.0,0.0
27.5,12.5,0.0
27.5,15.0,0.0
27.5,17.5,0.0
27.5,20.0,0.0
27.5,22.5,0.0
27.5,25.0,0.0
27.5,27.5,0.0
27.5,30.0,0.0
27.5,32.5,0.0
27.5,35.0,0.0
27.5,37.5,0.0
27.5,40.0,0.0
27.5,42.5,0.0
27.5,45.0,0.0
27.5,47.5,0.0
27.5,50.0,13.823942400000002
27.5,52.5,0.0
27.5,55.0,0.0
27.5,57.5,0.0
27.5,60.0,0.0
27.5,62.5,0.0
27.5,65.0,0.0
27.5,67.5,0.0
27.5,70.0,0.0
27.5,72.5,0.0
27.5,75.0,0.0
27.5,77.5,0.0
27.5,80.0,0.0
27.5,82.5,0.0
27.5,85.0,0.0
27.5,87.5,0.0
27.5,90.0,0.0
27.5,92.5,0.0
27.5,95.0,0.0
27.5,97.5,0.0
30.0,0.0,0.0
30.0,2.5,0.0
30.0,5.0,0.0
30.0,7.5,0.0
30.0,10.0,0.0
30.0,12.5,0.0
30.0,15.0,0.0
30.0,17.5,0.0
30.0,20.0,0.0
30.0,22.5,0.0
30.0,25.0,0.0
30.0,27.5,0.0
30.0,30.0,0.0
30.0,32.5,0.0
30.0,35.0,0.0
30.0,37.5,0.0
30.0,40.0,0.0
30.0,42.5,0.0
30.0,45.0,0.0
30.0,47.5,0.0
30.0,50.0,0.0
30.0,52.5,0.0
30.0,55.0,0.0
30.0,57.5,0.0
30.0,60.0,0.0
30.0,62.5,0.0
30.0,65.0,0.0
30.0,67.5,0.0
30.0,70.0,0.0
30.0,72.5,0.0
30.0,75.0,0.0
30.0,77.5,0.0
30.0,80.0,0.0
30.0,82.5,0.0
30.0,85.0,0.0
30.0,87.5,0.0
30.0,90.0,0.0
30.0,92.5,0.0
30.0,95.0,0.0
30.0,97.5,0.0
32.5,0.0,0.0
32.5,2.5,0.0
32.5,5.0,0.0
32.5,7.5,0.0
32.5,10.0,0.0
32.5,12.5,0.0
32.5,15.0,0.0
32.5,17.5,0.0
32.5,20.0,0.0
32.5,22.5,0.0
32.5,25.0,0.0
32.5,27.5,0.0
32.5,30.0,0.0
32.5,32.5,0.0
32.5,35.0,0.0
32.5,37.5,0.0
32.5,40.0,0.0
32.5,42.5,0.0
32.5,45.0,0.0
32.5,47.5,0.0
32.5,50.0,0.0
32.5,52.5,0.0
32.5,55.0,0.0
32.5,57.5,0.0
32.5,60.0,0.0
32.5,62.5,0.0
32.5,65.0,0.0
32.5,67.5,0.0
32.5,70.0,0.0
32.5,72.5,0.0
32.5,75.0,0.0
32.5,77.5,0.0
32.5,80.0,0.0
32.5,82.5,0.0
32.5,85.0,0.0
32.5,87.5,0.0
32.5,90.0,0.0
32.5,92.5,0.0
32.5,95.0,0.0
32.5,97.5,0.0
35.0,0.0,0.0
35.0,2.5,0.0
35.0,5.0,0.0
35.0,7.5,0.0
35.0,10.0,0.0
35.0,12.5,0.0
35.0,15.0,0.0
35.0,17.5,0.0
35.0,20.0,0.0
35.0,22.5,0.0
35.0,25.0,0.0
35.0,27.5,0.0
35.0,30.0,0.0
35.0,32.5,0.0
35.0,35.0,0.0
35.0,37.5,0.0
35.0,40.0,0.0
35.0,42.5,0.0
35.0,45.0,0.0
35.0,47.5,0.0
35.0,50.0,0.0
35.0,52.5,0.0
35.0,55.0,0.0
35.0,57.5,0.0
35.0,60.0,0.0
35.0,62.5,0.0
35.0,65.0,0.0
35.0,67.5,0.0
35.0,70.0,0.0
35.0,72.5,0.0
35.0,75.0,0.0
35.0,77.5,0.0
35.0,80.0,0.0
35.0,82.5,0.0
35.0,85.0,0.0
35.0,87.5,0.0
35.0,90.0,0.0
35.0,92.5,0.0
35.0,95.0,0.0
35.0,97.5,0.0
37.5,0.0,0.0
37.5,2.5,0.0
37.5,5.0,0.0
37.5,7.5,0.0
37.5,10.0,0.0
37.5,12.5,0.0
37.5,15.0,0.0
37.5,17.5,0.0
37.5,20.0,0.0
37.5,22.5,0.0
37.5,25.0,0.0
37.5,27.5,0.0
37.5,30.0,0.0
37.5,32.5,0.0
37.5,35.0,0.0
37.5,37.5,0.0
37.5,40.0,0.0
37.5,42.5,0.0
37.5,45.0,0.0
37.5,47.5,0.0
37.5,50.0,0.0
37.5,52.5,0.0
37.5,55.0,0.0
37.5,57.5,0.0
37.5,60.0,0.0
37.5,62.5,0.0
37.5,65.0,0.0
37.5,67.5,0.0
37.5,70.0,0.0
37.5,72.5,0.0
37.5,75.0,0.0
37.5,77.5,0.0
37.5,80.0,0.0
37.5,82.5,0.0
37.5,85.0,0.0
37.5,87.5,0.0
37.5,90.0,0.0
37.5,92.5,0.0
37.5,95.0,0.0
37.5,97.5,0.0
40.0,0.0,0.0
40.0,2.5,0.0
40.0,5.0,0.0
40.0,7.5,0.0
40.0,10.0,0.0
40.0,12.5,0.0
40.0,15.0,0.0
40.0,17.5,0.0
40.0,20.0,0.0
40.0,22.5,0.0
40.0,25.0,0.0
40.0,27.5,0.0
40.0,30.0,0.0
40.0,32.5,0.0
40.0,35.0,0.0
40.0,37.5,0.0
40.0,40.0,0.0
40.0,42.5,0.0
40.0,45.0,0.0
40.0,47.5,0.0
40.0,50.0,0.0
40.0,52.5,0.0
40.0,55.0,0.0
40.0,57.5,0.0
40.0,60.0,0.0
40.0,62.5,0.0
40.0,65.0,0.0
40.0,67.5,0.0
40.0,70.0,0.0
40.0,72.5,0.0
40.0,75.0,0.0
40.0,77.5,0.0
40.0,80.0,0.0
40.0,82.5,0.0
40.0,85.0,0.0
40.0,87.5,0.0
40.0,90.0,0.0
40.0,92.5,0.0
40.0,95.0,0.0
40.0,97.5,0.0
42.5,0.0,0.0
42.5,2.5,0.0
42.5,5.0,0.0
42.5,7.5,0.0
42.5,10.0,0.0
42.5,12.5,0.0
42.5,15.0,0.0
42.5,17.5,0.0
42.5,20.0,0.0
42.5,22.5,0.0
42.5,25.0,0.0
42.5,27.5,0.0
42.5,30.0,0.0
42.5,32.5,0.0
42.5,35.0,0.0
42.5,37.5,0.0
42.5,40.0,0.0
42.5,42.5,0.0
42.5,45.0,0.0
42.5,47.5,0.0
42.5,50.0,0.0
42.5,52.5,0.0
42.5,55.0,0.0
42.5,57.5,0.0
42.5,60.0,0.0
42.5,62.5,0.0
42.5,65.0,0.0
42.5,67.5,0.0
42.5,70.0,0.0
42.5,72.5,0.0
42.5,75.0,0.0
42.5,77.5,0.0
42.5,80.0,0.0
42.5,82.5,0.0
42.5,85.0,0.0
42.5,87.5,0.0
42.5,90.0,0.0
42.5,92.5,0.0
42.5,95.0,0.0
42.5,97.5,0.0
45.0,0.0,0.0
45.0,2.5,0.0
45.0,5.0,0.0
45.0,7.5,0.0
45.0,10.0,0.0
45.0,12.5,0.0
45.0,15.0,0.0
45.0,17.5,0.0
45.0,20.0,0.0
45.0,22.5,0.0
45.0,25.0,0.0
45.0,27.5,0.0
45.0,30.0,0.0
45.0,32.5,0.0
45.0,35.0,0.0
45.0,37.5,0.0
45.0,40.0,0.0
45.0,42.5,0.0
45.0,45.0,0.0
45.0,47.5,0.0
45.0,50.0,0.0
45.0,52.5,0.0
45.0,55.0,0.0
45.0,57.5,0.0
45.0,60.0,0.0
45.0,62.5,0.0
45.0,65.0,0.0
45.0,67.5,0.0
45.0,70.0,0.0
45.0,72.5,0.0
45.0,75.0,0.0
45.0,77.5,0.0
45.0,80.0,0.0
45.0,82.5,0.0
45.0,85.0,0.0
45.0,87.5,0.0
45.0,90.0,0.0
45.0,92.5,0.0
45.0,95.0,0.0
45.0,97.5,0.0
47.5,0.0,0.0
47.5,2.5,0.0
47.5,5.0,0.0
47.5,7.5,0.0
47.5,10.0,0.0
47.5,12.5,0.0
47.5,15.0,0.0
47.5,17.5,0.0
47.5,20.0,0.0
47.5,22.5,0.0
47.5,25.0,0.0
47.5,27.5,0.0
47.5,30.0,0.0
47.5,32.5,0.0
47.5,35.0,0.0
47.5,37.5,0.0
47.5,40.0,0.0
47.5,42.5,0.0
47.5,45.0,0.0
47.5,47.5,0.0
47.5,50.0,0.0
47.5,52.5,0.0
47.5,55.0,0.0
47.5,57.5,0.0
47.5,60.0,0.0
47.5,62.5,0.0
47.5,65.0,0.0
47.5,67.5,0.0
47.5,70.0,0.0
47.5,72.5,0.0
47.5,75.0,0.0
47.5,77.5,0.0
47.5,80.0,0.0
47.5,82.5,0.0
47.5,85.0,0.0
47.5,87.5,0.0
47.5,90.0,0.0
47.5,92.5,0.0
47.5,95.0,0.0
47.5,97.5,0.0
50.0,0.0,0.0
50.0,2.5,0.0
50.0,5.0,0.0
50.0,7.5,0.0
50.0,10.0,0.0
50.0,12.5,0.0
50.0,15.0,0.0
50.0,17.5,0.0
50.0,20.0,0.0
50.0,22.5,0.0
50.0,25.0,0.0
50.0,27.5,0.0
50.0,30.0,0.0
50.0,32.5,0.0
50.0,35.0,0.0
50.0,37.5,0.0
50.0,40.0,0.0
50.0,42.5,0.0
50.0,45.0,0.0
50.0,47.5,0.0
50.0,50.0,0.0
50.0,52.5,0.0
50.0,55.0,0.0
50.0,57.5,0.0
50.0,60.0,0.0
50.0,62.5,0.0
50.0,65.0,0.0
50.0,67.5,0.0
50.0,70.0,0.0
50.0,72.5,0.0
50.0,75.0,0.0
50.0,77.5,0.0
50.0,80.0,0.0
50.0,82.5,0.0
50.0,85.0,0.0
50.0,87.5,0.0
50.0,90.0,0.0
50.0,92.5,0.0
50.0,95.0,0.0
50.0,97.5,0.0
52.5,0.0,0.0
52.5,2.5,0.0
52.5,5.0,0.0
52.5,7.5,0.0
52.5,10.0,0.0
52.5,12.5,0.0
52.5,15.0,0.0
52.5,17.5,0.0
52.5,20.0,0.0
52.5,22.5,0.0
52.5,25.0,0.0
52.5,27.5,0.0
52.5,30.0,0.0
52.5,32.5,0.0
52.5,35.0,0.0
52.5,37.5,0.0
52.5,40.0,0.0
52.5,42.5,0.0
52.5,45.0,0.0
52.5,47.5,0.0
52.5,50.0,0.0
52.5,52.5,0.0
52.5,55.0,0.0
52.5,57.5,0.0
52.5,60.0,0.0
52.5,62.5,0.0
52.5,65.0,0.0
52.5,67.5,0.0
52.5,70.0,0.0
52.5,72.5,0.0
52.5,75.0,0.0
52.5,77.5,0.0
52.5,80.0,0.0
52.5,82.5,0.0
52.5,85.0,0.0
52.5,87.5,0.0
52.5,90.0,0.0
52.5,92.5,0.0
52.5,95.0,0.0
52.5,97.5,0.0
55.0,0.0,0.0
55.0,2.5,0.0
55.0,5.0,0.0
55.0,7.5,0.0
55.0,10.0,0.0
55.0,12.5,0.0
55.0,15.0,0.0
55.0,17.5,0.0
55.0,20.0,0.0
55.0,22.5,0.0
55.0,25.0,0.0
55.0,27.5,0.0
55.0,30.0,0.0
55.0,32.5,0.0
55.0,35.0,0.0
55.0,37.5,0.0
55.0,40.0,0.0
55.0,42.5,0.0
55.0,45.0,0.0
55.0,47.5,0.0
55.0,50.0,0.0
55.0,52.5,0.0
55.0,55.0,0.0
55.0,57.5,0.0
55.0,60.0,0.0
55.0,62.5,0.0
55.0,65.0,0.0
55.0,67.5,0.0
55.0,70.0,0.0
55.0,72.5,0.0
55.0,75.0,0.0
55.0,77.5,0.0
55.0,80.0,0.0
55.0,82.5,0.0
55.0,85.0,0.0
55.0,87.5,0.0
55.0,90.0,0.0
55.0,92.5,0.0
55.0,95.0,0.0
55.0,97.5,0.0
57.5,0.0,0.0
57.5,2.5,0.0
57.5,5.0,0.0
57.5,7.5,0.0
57.5,10.0,0.0
57.5,12.5,0.0
57.5,15.0,0.0
57.5,17.5,0.0
57.5,20.0,0.0
57.5,22.5,0.0
57.5,25.0,0.0
57.5,27.5,0.0
57.5,30.0,0.0
57.5,32.5,0.0
57.5,35.0,0.0
57.5,37.5,0.0
57.5,40.0,0.0
57.5,42.5,0.0
57.5,45.0,0.0
57.5,47.5,0.0
57.5,50.0,0.0
57.5,52.5,0.0
57.5,55.0,0.0
57.5,57.5,0.0
57.5,60.0,0.0
57.5,62.5,0.0
57.5,65.0,0.0
57.5,67.5,0.0
57.5,70.0,0.0
57.5,72.5,0.0
57.5,75.0,0.0
57.5,77.5,0.0
57.5,80.0,0.0
57.5,82.5,0.0
57.5,85.0,0.0
57.5,87.5,0.0
57.5,90.0,0.0
57.5,92.5,0.0
57.5,95.0,0.0
57.5,97.5,0.0
60.0,0.0,0.0
60.0,2.5,0.0
60.0,5.0,0.0
60.0,7.5,0.0
60.0,10.0,0.0
60.0,12.5,0.0
60.0,15.0,0.0
60.0,17.5,0.0
60.0,20.0,0.0
60.0,22.5,0.0
60.0,25.0,0.0
60.0,27.5,0.0
60.0,30.0,0.0
60.0,32.5,0.0
60.0,35.0,0.0
60.0,37.5,0.0
60.0,40.0,0.0
60.0,42.5,0.0
60.0,45.0,0.0
60.0,47.5,0.0
60.0,50.0,0.0
60.0,52.5,0.0
60.0,55.0,0.0
60.0,57.5,0.0
60.0,60.0,0.0
60.0,62.5,0.0
60.0,65.0,0.0
60.0,67.5,0.0
60.0,70.0,0.0
60.0,72.5,0.0
60.0,75.0,0.0
60.0,77.5,0.0
60.0,80.0,0.0
60.0,82.5,0.0
60.0,85.0,0.0
60.0,87.5,0.0
60.0,90.0,0.0
60.0,92.5,0.0
60.0,95.0,0.0
60.0,97.5,0.0
62.5,0.0,0.0
62.5,2.5,0.0
62.5,5.0,0.0
62.5,7.5,0.0
62.5,10.0,0.0
62.5,12.5,0.0
62.5,15.0,0.0
62.5,17.5,0.0
62.5,20.0,0.0
62.5,22.5,0.0
62.5,25.0,0.0
62.5,27.5,0.0
62.5,30.0,0.0
62.5,32.5,0.0
62.5,35.0,0.0
62.5,37.5,0.0
62.5,40.0,0.0
62.5,42.5,0.0
62.5,45.0,0.0
62.5,47.5,0.0
62.5,50.0,0.0
62.5,52.5,0.0
62.5,55.0,0.0
62.5,57.5,0.0
62.5,60.0,0.0
62.5,62.5,0.0
62.5,65.0,0.0
62.5,67.5,0.0
62.5,70.0,0.0
62.5,72.5,0.0
62.5,75.0,0.0
62.5,77.5,0.0
62.5,80.0,0.0
62.5,82.5,0.0
62.5,85.0,0.0
62.5,87.5,0.0
62.5,90.0,0.0
62.5,92.5,0.0
62.5,95.0,0.0
62.5,97.5,0.0
65.0,0.0,0.0
65.0,2.5,0.0
65.0,5.0,0.0
65.0,7.5,0.0
65.0,10.0,0.0
65.0,12.5,0.0
65.0,15.0,0.0
65.0,17.5,0.0
65.0,20.0,0.0
65.0,22.5,0.0
65.0,25.0,0.0
65.0,27.5,0.0
65.0,30.0,0.0
65.0,32.5,0.0
65.0,35.0,0.0
65.0,37.5,0.0
65.0,40.0,0.0
65.0,42.5,0.0
65.0,45.0,0.0
65.0,47.5,0.0
65.0,50.0,0.0
65.0,52.5,0.0
65.0,55.0,0.0
65.0,57.5,0.0
65.0,60.0,0.0
65.0,62.5,0.0
65.0,65.0,0.0
65.0,67.5,0.0
65.0,70.0,0.0
65.0,72.5,0.0
65.0,75.0,0.0
65.0,77.5,0.0
65.0,80.0,0.0
65.0,82.5,0.0
65.0,85.0,0.0
65.0,87.5,0.0
65.0,90.0,0.0
65.0,92.5,0.0
65.0,95.0,0.0
65.0,97.5,0.0
67.5,0.0,0.0
67.5,2.5,0.0
67.5,5.0,0.0
67.5,7.5,0.0
67.5,10.0,0.0
67.5,12.5,0.0
67.5,15.0,0.0
67.5,17.5,0.0
67.5,20.0,0.0
67.5,22.5,0.0
67.5,25.0,0.0
67.5,27.5,0.0
67.5,30.0,0.0
67.5,32.5,0.0
67.5,35.0,0.0
67.5,37.5,0.0
67.5,40.0,0.0
67.5,42.5,0.0
67.5,45.0,0.0
67.5,47.5,0.0
67.5,50.0,0.0
67.5,52.5,0.0
67.5,55.0,0.0
67.5,57.5,0.0
67.5,60.0,0.0
67.5,62.5,0.0
67.5,65.0,0.0
67.5,67.5,0.0
67.5,70.0,0.0
67.5,72.5,0.0
67.5,75.0,0.0
67.5,77.5,0.0
67.5,80.0,0.0
67.5,82.5,0.0
67.5,85.0,0.0
67.5,87.5,0.0
67.5,90.0,0.0
67.5,92.5,0.0
67.5,95.0,0.0
67.5,97.5,0.0
70.0,0.0,0.0
70.0,2.5,0.0
70.0,5.0,0.0
70.0,7.5,0.0
70.0,10.0,0.0
70.0,12.5,0.0
70.0,15.0,0.0
70.0,17.5,0.0
70.0,20.0,0.0
70.0,22.5,0.0
70.0,25.0,0.0
70.0,27.5,0.0
70.0,30.0,0.0
70.0,32.5,0.0
70.0,35.0,0.0
70.0,37.5,0.0
70.0,40.0,0.0
70.0,42.5,0.0
70.0,45.0,0.0
70.0,47.5,0.0
70.0,50.0,0.0
70.0,52.5,0.0
70.0,55.0,0.0
70.0,57.5,0.0
70.0,60.0,0.0
70.0,62.5,0.0
70.0,65.0,0.0
70.0,67.5,0.0
70.0,70.0,0.0
70.0,72.5,0.0
70.0,75.0,0.0
70.0,77.5,0.0
70.0,80.0,0.0
70.0,82.5,0.0
70.0,85.0,0.0
70.0,87.5,0.0
70.0,90.0,0.0
70.0,92.5,0.0
70.0,95.0,0.0
70.0,97.5,0.0
72.5,0.0,0.0
72.5,2.5,0.0
72.5,5.0,0.0
72.5,7.5,0.0
72.5,10.0,0.0
72.5,12.5,0.0
72.5,15.0,0.0
72.5,17.5,0.0
72.5,20.0,0.0
72.5,22.5,0.0
72.5,25.0,0.0
72.5,27.5,0.0
72.5,30.0,0.0
72.5,32.5,0.0
72.5,35.0,0.0
72.5,37.5,0.0
72.5,40.0,0.0
72.5,42.5,0.0
72.5,45.0,0.0
72.5,47.5,0.0
72.5,50.0,0.0
72.5,52.5,0.0
72.5,55.0,0.0
72.5,57.5,0.0
72.5,60.0,0.0
72.5,62.5,0.0
72.5,65.0,0.0
72.5,67.5,0.0
72.5,70.0,0.0
72.5,72.5,0.0
72.5,75.0,0.0
72.5,77.5,0.0
72.5,80.0,0.0
72.5,82.5,0.0
72.5,85.0,0.0
72.5,87.5,0.0
72.5,90.0,0.0
72.5,92.5,0.0
72.5,95.0,0.0
72.5,97.5,0.0
75.0,0.0,0.0
75.0,2.5,0.0
75.0,5.0,0.0
75.0,7.5,0.0
75.0,10.0,0.0
75.0,12.5,0.0
75.0,15.0,0.0
75.0,17.5,0.0
75.0,20.0,0.0
75.0,22.5,0.0
75.0,25.0,0.0
75.0,27.5,0.0
75.0,30.0,0.0
75.0,32.5,0.0
75.0,35.0,0.0
75.0,37.5,0.0
75.0,40.0,0.0
75.0,42.5,0.0
75.0,45.0,0.0
75.0,47.5,0.0
75.0,50.0,0.0
75.0,52.5,0.0
75.0,55.0,0.0
75.0,57.5,0.0
75.0,60.0,0.0
75.0,62.5,0.0
75.0,65.0,0.0
75.0,67.5,0.0
75.0,70.0,0.0
75.0,72.5,0.0
75.0,75.0,0.0
75.0,77.5,0.0
75.0,80.0,0.0
75.0,82.5,0.0
75.0,85.0,0.0
75.0,87.5,0.0
75.0,90.0,0.0
75.0,92.5,0.0
75.0,95.0,0.0
75.0,97.5,0.0
77.5,0.0,0.0
77.5,2.5,0.0
77.5,5.0,0.0
77.5,7.5,0.0
77.5,10.0,0.0
77.5,12.5,0.0
77.5,15.0,0.0
77.5,17.5,0.0
77.5,20.0,0.0
77.5,22.5,0.0
77.5,25.0,0.0
77.5,27.5,0.0
77.5,30.0,0.0
77.5,32.5,0.0
77.5,35.0,0.0
77.5,37.5,0.0
77.5,40.0,0.0
77.5,42.5,0.0
77.5,45.0,0.0
77.5,47.5,0.0
77.5,50.0,0.0
77.5,52.5,0.0
77.5,55.0,0.0
77.5,57.5,0.0
77.5,60.0,0.0
77.5,62.5,0.0
77.5,65.0,0.0
77.5,67.5,0.0
77.5,70.0,0.0
77.5,72.5,0.0
77.5,75.0,0.0
77.5,77.5,0.0
77.5,80.0,0.0
77.5,82.5,0.0
77.5,85.0,0.0
77.5,87.5,0.0
77.5,90.0,0.0
77.5,92.5,0.0
77.5,95.0,0.0
77.5,97.5,0.0
80.0,0.0,0.0
80.0,2.5,0.0
80.0,5.0,0.0
80.0,7.5,0.0
80.0,10.0,0.0
80.0,12.5,0.0
80.0,15.0,0.0
80.0,17.5,0.0
80.0,20.0,0.0
80.0,22.5,0.0
80.0,25.0,0.0
80.0,27.5,0.0
80.0,30.0,0.0
80.0,32.5,0.0
80.0,35.0,0.0
80.0,37.5,0.0
80.0,40.0,0.0
80.0,42.5,0.0
80.0,45.0,0.0
80.0,47.5,0.0
80.0,50.0,0.0
80.0,52.5,0.0
80.0,55.0,0.0
80.0,57.5,0.0
80.0,60.0,0.0
80.0,62.5,0.0
80.0,65.0,0.0
80.0,67.5,0.0
80.0,70.0,0.0
80.0,72.5,0.0
80.0,75.0,0.0
80.0,77.5,0.0
80.0,80.0,0.0
80.0,82.5,0.0
80.0,85.0,0.0
80.0,87.5,0.0
80.0,90.0,0.0
80.0,92.5,0.0
80.0,95.0,0.0
80.0,97.5,0.0
82.5,0.0,0.0
82.5,2.5,0.0
82.5,5.0,0.0
82.5,7.5,0.0
82.5,10.0,0.0
82.5,12.5,0.0
82.5,15.0,0.0
82.5,17.5,0.0
82.5,20.0,0.0
82.5,22.5,0.0
82.5,25.0,0.0
82.5,27.5,0.0
82.5,30.0,0.0
82.5,32.5,0.0
82.5,35.0,0.0
82.5,37.5,0.0
82.5,40.0,0.0
82.5,42.5,0.0
82.5,45.0,0.0
82.5,47.5,0.0
82.5,50.0,0.0
82.5,52.5,0.0
82.5,55.0,0.0
82.5,57.5,0.0
82.5,60.0,0.0
82.5,62.5,0.0
82.5,65.0,0.0
82.5,67.5,0.0
82.5,70.0,0.0
82.5,72.5,0.0
82.5,75.0,0.0
82.5,77.5,0.0
82.5,80.0,0.0
82.5,82.5,0.0
82.5,85.0,0.0
82.5,87.5,0.0
82.5,90.0,0.0
82.5,92.5,0.0
82.5,95.0,0.0
82.5,97.5,0.0
85.0,0.0,0.0
85.0,2.5,0.0
85.0,5.0,0.0
85.0,7.5,0.0
85.0,10.0,0.0
85.0,12.5,0.0
85.0,15.0,0.0
85.0,17.5,0.0
85.0,20.0,0.0
85.0,22.5,0.0
85.0,25.0,0.0
85.0,27.5,0.0
85.0,30.0,0.0
85.0,32.5,0.0
85.0,35.0,0.0
85.0,37.5,0.0
85.0,40.0,0.0
85.0,42.5,0.0
85.0,45.0,0.0
85.0,47.5,0.0
85.0,50.0,0.0
85.0,52.5,0.0
85.0,55.0,0.0
85.0,57.5,0.0
85.0,60.0,0.0
85.0,62.5,0.0
85.0,65.0,0.0
85.0,67.5,0.0
85.0,70.0,0.0
85.0,72.5,0.0
85.0,75.0,0.0
85.0,77.5,0.0
85.0,80.0,0.0
85.0,82.5,0.0
85.0,85.0,0.0
85.0,87.5,0.0
85.0,90.0,0.0
85.0,92.5,0.0
85.0,95.0,0.0
85.0,97.5,0.0
87.5,0.0,0.0
87.5,2.5,0.0
87.5,5.0,0.0
87.5,7.5,0.0
87.5,10.0,0.0
87.5,12.5,0.0
87.5,15.0,0.0
87.5,17.5,0.0
87.5,20.0,0.0
87.5,22.5,0.0
87.5,25.0,0.0
87.5,27.5,0.0
87.5,30.0,0.0
87.5,32.5,0.0
87.5,35.0,0.0
87.5,37.5,0.0
87.5,40.0,0.0
87.5,42.5,0.0
87.5,45.0,0.0
87.5,47.5,0.0
87.5,50.0,0.0
87.5,52.5,0.0
87.5,55.0,0.0
87.5,57.5,0.0
87.5,60.0,0.0
87.5,62.5,0.0
87.5,65.0,0.0
87.5,67.5,0.0
87.5,70.0,0.0
87.5,72.5,0.0
87.5,75.0,0.0
87.5,77.5,0.0
87.5,80.0,0.0
87.5,82.5,0.0
87.5,85.0,0.0
87.5,87.5,0.0
87.5,90.0,0.0
87.5,92.5,0.0
87.5,95.0,0.0
87.5,97.5,0.0
90.0,0.0,0.0
90.0,2.5,0.0
90.0,5.0,0.0
90.0,7.5,0.0
90.0,10.0,0.0
90.0,12.5,0.0
90.0,15.0,0.0
90.0,17.5,0.0
90.0,20.0,0.0
90.0,22.5,0.0
90.0,25.0,0.0
90.0,27.5,0.0
90.0,30.0,0.0
90.0,32.5,0.0
90.0,35.0,0.0
90.0,37.5,0.0
90.0,40.0,0.0
90.0,42.5,0.0
90.0,45.0,0.0
90.0,47.5,0.0
90.0,50.0,0.0
90.0,52.5,0.0
90.0,55.0,0.0
90.0,57.5,0.0
90.0,60.0,0.0
90.0,62.5,0.0
90.0,65.0,0.0
90.0,67.5,0.0
90.0,70.0,0.0
90.0,72.5,0.0
90.0,75.0,0.0
90.0,77.5,0.0
90.0,80.0,0.0
90.0,82.5,0.0
90.0,85.0,0.0
90.0,87.5,0.0
90.0,90.0,0.0
90.0,92.5,0.0
90.0,95.0,0.0
90.0,97.5,0.0
92.5,0.0,0.0
92.5,2.5,0.0
92.5,5.0,0.0
92.5,7.5,0.0
92.5,10.0,0.0
92.5,12.5,0.0
92.5,15.0,0.0
92.5,17.5,0.0
92.5,20.0,0.0
92.5,22.5,0.0
92.5,25.0,0.0
92.5,27.5,0.0
92.5,30.0,0.0
92.5,32.5,0.0
92.5,35.0,0.0
92.5,37.5,0.0
92.5,40.0,0.0
92.5,42.5,0.0
92.5,45.0,0.0
92.5,47.5,0.0
92.5,50.0,0.0
92.5,52.5,0.0
92.5,55.0,0.0
92.5,57.5,0.0
92.5,60.0,0.0
92.5,62.5,0.0
92.5,65.0,0.0
92.5,67.5,0.0
92.5,70.0,0.0
92.5,72.5,0.0
92.5,75.0,0.0
92.5,77.5,0.0
92.5,80.0,0.0
92.5,82.5,0.0
92.5,85.0,0.0
92.5,87.5,0.0
92.5,90.0,0.0
92.5,92.5,0.0
92.5,95.0,0.0
92.5,97.5,0.0
95.0,0.0,0.0
95.0,2.5,0.0
95.0,5.0,0.0
95.0,7.5,0.0
95.0,10.0,0.0
95.0,12.5,0.0
95.0,15.0,0.0
95.0,17.5,0.0
95.0,20.0,0.0
95.0,22.5,0.0
95.0,25.0,0.0
95.0,27.5,0.0
95.0,30.0,0.0
95.0,32.5,0.0
95.0,35.0,0.0
95.0,37.5,0.0
95.0,40.0,0.0
95.0,42.5,0.0
95.0,45.0,0.0
95.0,47.5,0.0
95.0,50.0,0.0
95.0,52.5,0.0
95.0,55.0,0.0
95.0,57.5,0.0
95.0,60.0,0.0
95.0,62.5,0.0
95.0,65.0,0.0
95.0,67.5,0.0
95.0,70.0,0.0
95.0,72.5,0.0
95.0,75.0,0.0
95.0,77.5,0.0
95.0,80.0,0.0
95.0,82.5,0.0
95.0,85.0,0.0
95.0,87.5,0.0
95.0,90.0,0.0
95.0,92.5,0.0
95.0,95.0,0.0
95.0,97.5,0.0
97.5,0.0,0.0
97.5,2.5,0.0
97.5,5.0,0.0
97.5,7.5,0.0
97.5,10.0,0.0
97.5,12.5,0.0
97.5,15.0,0.0
97.5,17.5,0.0
97.5,20.0,0.0
97.5,22.5,0.0
97.5,25.0,0.0
97.5,27.5,0.0
97.5,30.0,0.0
97.5,32.5,0.0
97.5,35.0,0.0
97.5,37.5,0.0
97.5,40.0,0.0
97.5,42.5,0.0
97.5,45.0,0.0
97.5,47.5,0.0
97.5,50.0,0.0
97.5,52.5,0.0
97.5,55.0,0.0
97.5,57.5,0.0
97.5,60.0,0.0
97.5,62.5,0.0
97.5,65.0,0.0
97.5,67.5,0.0
97.5,70.0,0.0
97.5,72.5,0.0
97.5,75.0,0.0
97.5,77.5,0.0
97.5,80.0,0.0
97.5,82.5,0.0
97.5,85.0,0.0
97.5,87.5,0.0
97.5,90.0,0.0
97.5,92.5,0.0
97.5,95.0,0.0
97.5,97.5,0.0
100.0,0.0,0.0
100.0,2.5,0.0
100.0,5.0,0.0
100.0,7.5,0.0
100.0,10.0,0.0
100.0,12.5,0.0
100.0,15.0,0.0
100.0,17.5,0.0
100.0,20.0,0.0
100.0,22.5,0.0
100.0,25.0,0.0
100.0,27.5,0.0
100.0,30.0,0.0
100.0,32.5,0.0
100.0,35.0,0.0
100.0,37.5,0.0
100.0,40.0,0.0
100.0,42.5,0.0
100.0,45.0,0.0
100.0,47.5,0.0
100.0,50.0,0.0
100.0,52.5,0.0
100.0,55.0,0.0
100.0,57.5,0.0
100.0,60.0,0.0
100.0,62.5,0.0
100.0,65.0,0.0
100.0,67.5,0.0
100.0,70.0,0.0
100.0,72.5,0.0
100.0,75.0,0.0
100.0,77.5,0.0
100.0,80.0,0.0
100.0,82.5,0.0
100.0,85.0,0.0
100.0,87.5,0.0
100.0,90.0,0.0
100.0,92.5,0.0
100.0,95.0,0.0
100.0,97.5,0.0
102.5,0.0,0.0
102.5,2.5,0.0
102.5,5.0,0.0
102.5,7.5,0.0
102.5,10.0,0.0
102.5,12.5,0.0
102.5,15.0,0.0
102.5,17.5,0.0
102.5,20.0,0.0
102.5,22.5,0.0
102.5,25.0,0.0
102.5,27.5,0.0
102.5,30.0,0.0
102.5,32.5,0.0
102.5,35.0,0.0
102.5,37.5,0.0
102.5,40.0,0.0
102.5,42.5,0.0
102.5,45.0,0.0
102.5,47.5,0.0
102.5,50.0,0.0
102.5,52.5,0.0
102.5,55.0,0.0
102.5,57.5,0.0
102.5,60.0,0.0
102.5,62.5,0.0
102.5,65.0,0.0
102.5,67.5,0.0
102.5,70.0,0.0
102.5,72.5,0.0
102.5,75.0,0.0
102.5,77.5,0.0
102.5,80.0,0.0
102.5,82.5,0.0
102.5,85.0,0.0
102.5,87.5,0.0
102.5,90.0,0.0
102.5,92.5,0.0
102.5,95.0,0.0
102.5,97.5,0.0
105.0,0.0,0.0
105.0,2.5,0.0
105.0,5.0,0.0
105.0,7.5,0.0
105.0,10.0,0.0
105.0,12.5,0.0
105.0,15.0,0.0
105.0,17.5,0.0
105.0,20.0,0.0
105.0,22.5,0.0
105.0,25.0,0.0
105.0,27.5,0.0
105.0,30.0,0.0
105.0,32.5,0.0
105.0,35.0,0.0
105.0,37.5,0.0
105.0,40.0,0.0
105.0,42.5,0.0
105.0,45.0,0.0
105.0,47.5,0.0
105.0,50.0,0.0
105.0,52.5,0.0
105.0,55.0,0.0
105.0,57.5,0.0
105.0,60.0,0.0
105.0,62.5,0.0
105.0,65.0,0.0
105.0,67.5,0.0
105.0,70.0,0.0
105.0,72.5,0.0
105.0,75.0,0.0
105.0,77.5,0.0
105.0,80.0,0.0
105.0,82.5,0.0
105.0,85.0,0.0
105.0,87.5,0.0
105.0,90.0,0.0
105.0,92.5,0.0
105.0,95.0,0.0
105.0,97.5,0.0
107.5,0.0,0.0
107.5,2.5,0.0
107.5,5.0,0.0
107.5,7.5,0.0
107.5,10.0,0.0
107.5,12.5,0.0
107.5,15.0,0.0
107.5,17.5,0.0
107.5,20.0,0.0
107.5,22.5,0.0
107.5,25.0,0.0
107.5,27.5,0.0
107.5,30.0,0.0
107.5,32.5,0.0
107.5,35.0,0.0
107.5,37.5,0.0
107.5,40.0,0.0
107.5,42.5,0.0
107.5,45.0,0.0
107.5,47.5,0.0
107.5,50.0,0.0
107.5,52.5,0.0
107.5,55.0,0.0
107.5,57.5,0.0
107.5,60.0,0.0
107.5,62.5,0.0
107.5,65.0,0.0
107.5,67.5,0.0
107.5,70.0,0.0
107.5,72.5,0.0
107.5,75.0,0.0
107.5,77.5,0.0
107.5,80.0,0.0
107.5,82.5,0.0
107.5,85.0,0.0
107.5,87.5,0.0
107.5,90.0,0.0
107.5,92.5,0.0
107.5,95.0,0.0
107.5,97.5,0.0
110.0,0.0,0.0
110.0,2.5,0.0
110.0,5.0,0.0
110.0,7.5,0.0
110.0,10.0,0.0
110.0,12.5,0.0
110.0,15.0,0.0
110.0,17.5,0.0
110.0,20.0,0.0
110.0,22.5,0.0
110.0,25.0,0.0
110.0,27.5,0.0
110.0,30.0,0.0
110.0,32.5,0.0
110.0,35.0,0.0
110.0,37.5,0.0
110.0,40.0,0.0
110.0,42.5,0.0
110.0,45.0,0.0
110.0,47.5,0.0
110.0,50.0,0.0
110.0,52.5,0.0
110.0,55.0,0.0
110.0,57.5,0.0
110.0,60.0,0.0
110.0,62.5,0.0
110.0,65.0,0.0
110.0,67.5,0.0
110.0,70.0,0.0
110.0,72.5,0.0
110.0,75.0,0.0
110.0,77.5,0.0
110.0,80.0,0.0
110.0,82.5,0.0
110.0,85.0,0.0
110.0,87.5,0.0
110.0,90.0,0.0
110.0,92.5,0.0
110.0,95.0,0.0
110.0,97.5,0.0
112.5,0.0,0.0
112.5,2.5,0.0
112.5,5.0,0.0
112.5,7.5,0.0
112.5,10.0,0.0
112.5,12.5,0.0
112.5,15.0,0.0
112.5,17.5,0.0
112.5,20.0,0.0
112.5,22.5,0.0
112.5,25.0,0.0
112.5,27.5,0.0
112.5,30.0,0.0
112.5,32.5,0.0
112.5,35.0,0.0
112.5,37.5,0.0
112.5,40.0,0.0
112.5,42.5,0.0
112.5,45.0,0.0
112.5,47.5,0.0
112.5,50.0,0.0
112.5,52.5,0.0
112.5,55.0,0.0
112.5,57.5,0.0
112.5,60.0,0.0
112.5,62.5,0.0
112.5,65.0,0.0
112.5,67.5,0.0
112.5,70.0,0.0
112.5,72.5,0.0
112.5,75.0,0.0
112.5,77.5,0.0
112.5,80.0,0.0
112.5,82.5,0.0
112.5,85.0,0.0
112.5,87.5,0.0
112.5,90.0,0.0
112.5,92.5,0.0
112.5,95.0,0.0
112.5,97.5,0.0
115.0,0.0,0.0
115.0,2.5,0.0
115.0,5.0,0.0
115.0,7.5,0.0
115.0,10.0,0.0
115.0,12.5,0.0
115.0,15.0,0.0
115.0,17.5,0.0
115.0,20.0,0.0
115.0,22.5,0.0
115.0,25.0,0.0
115.0,27.5,0.0
115.0,30.0,0.0
115.0,32.5,0.0
115.0,35.0,0.0
115.0,37.5,0.0
115.0,40.0,0.0
115.0,42.5,0.0
115.0,45.0,0.0
115.0,47.5,0.0
115.0,50.0,0.0
115.0,52.5,0.0
115.0,55.0,0.0
115.0,57.5,0.0
115.0,60.0,0.0
115.0,62.5,0.0
115.0,65.0,0.0
115.0,67.5,0.0
115.0,70.0,0.0
115.0,72.5,0.0
115.0,75.0,0.0
115.0,77.5,0.0
115.0,80.0,0.0
115.0,82.5,0.0
115.0,85.0,0.0
115.0,87.5,0.0
115.0,90.0,0.0
115.0,92.5,0.0
115.0,95.0,0.0
115.0,97.5,0.0
117.5,0.0,0.0
117.5,2.5,0.0
117.5,5.0,0.0
117.5,7.5,0.0
117.5,10.0,0.0
117.5,12.5,0.0
117.5,15.0,0.0
117.5,17.5,0.0
117.5,20.0,0.0
117.5,22.5,0.0
117.5,25.0,0.0
117.5,27.5,0.0
117.5,30.0,0.0
117.5,32.5,0.0
117.5,35.0,0.0
117.5,37.5,0.0
117.5,40.0,0.0
117.5,42.5,0.0
117.5,45.0,0.0
117.5,47.5,0.0
117.5,50.0,0.0
117.5,52.5,0.0
117.5,55.0,0.0
117.5,57.5,0.0
117.5,60.0,0.0
117.5,62.5,0.0
117.5,65.0,0.0
117.5,67.5,0.0
117.5,70.0,0.0
117.5,72.5,0.0
117.5,75.0,0.0
117.5,77.5,0.0
117.5,80.0,0.0
117.5,82.5,0.0
117.5,85.0,0.0
117.5,87.5,0.0
117.5,90.0,0.0
117.5,92.5,0.0
117.5,95.0,0.0
117.5,97.5,0.0
120.0,0.0,0.0
120.0,2.5,0.0
120.0,5.0,0.0
120.0,7.5,0.0
120.0,10.0,0.0
120.0,12.5,0.0
120.0,15.0,0.0
120.0,17.5,0.0
120.0,20.0,0.0
120.0,22.5,0.0
120.0,25.0,0.0
120.0,27.5,0.0
120.0,30.0,0.0
120.0,32.5,0.0
120.0,35.0,0.0
120.0,37.5,0.0
120.0,40.0,0.0
120.0,42.5,0.0
120.0,45.0,0.0
120.0,47.5,0.0
120.0,50.0,0.0
120.0,52.5,0.0
120.0,55.0,0.0
120.0,57.5,0.0
120.0,60.0,0.0
120.0,62.5,0.0
120.0,65.0,0.0
120.0,67.5,0.0
120.0,70.0,0.0
120.0,72.5,0.0
120.0,75.0,0.0
120.0,77.5,0.0
120.0,80.0,0.0
120.0,82.5,0.0
120.0,85.0,0.0
120.0,87.5,0.0
120.0,90.0,0.0
120.0,92.5,0.0
120.0,95.0,0.0
120.0,97.5,0.0
122.5,0.0,0.0
122.5,2.5,0.0
122.5,5.0,0.0
122.5,7.5,0.0
122.5,10.0,0.0
122.5,12.5,0.0
122.5,15.0,0.0
122.5,17.5,0.0
122.5,20.0,0.0
122.5,22.5,0.0
122.5,25.0,0.0
122.5,27.5,0.0
122.5,30.0,0.0
122.5,32.5,0.0
122.5,35.0,0.0
122.5,37.5,0.0
122.5,40.0,0.0
122.5,42.5,0.0
122.5,45.0,0.0
122.5,47.5,0.0
122.5,50.0,0.0
122.5,52.5,0.0
122.5,55.0,0.0
122.5,57.5,0.0
122.5,60.0,0.0
122.5,62.5,0.0
122.5,65.0,0.0
122.5,67.5,0.0
122.5,70.0,0.0
122.5,72.5,0.0
122.5,75.0,0.0
122.5,77.5,0.0
122.5,80.0,0.0
122.5,82.5,0.0
122.5,85.0,0.0
122.5,87.5,0.0
122.5,90.0,0.0
122.5,92.5,0.0
122.5,95.0,0.0
122.5,97.5,0.0
125.0,0.0,0.0
125.0,2.5,0.0
125.0,5.0,0.0
125.0,7.5,0.0
125.0,10.0,0.0
125.0,12.5,0.0
125.0,15.0,0.0
125.0,17.5,0.0
125.0,20.0,0.0
125.0,22.5,0.0
125.0,25.0,0.0
125.0,27.5,0.0
125.0,30.0,0.0
125.0,32.5,0.0
125.0,35.0,0.0
125.0,37.5,0.0
125.0,40.0,0.0
125.0,42.5,0.0
125.0,45.0,0.0
125.0,47.5,0.0
125.0,50.0,0.0
125.0,52.5,0.0
125.0,55.0,0.0
125.0,57.5,0.0
125.0,60.0,0.0
125.0,62.5,0.0
125.0,65.0,0.0
125.0,67.5,0.0
125.0,70.0,0.0
125.0,72.5,0.0
125.0,75.0,0.0
125.0,77.5,0.0
125.0,80.0,0.0
125.0,82.5,0.0
125.0,85.0,0.0
125.0,87.5,0.0
125.0,90.0,0.0
125.0,92.5,0.0
125.0,95.0,0.0
125.0,97.5,0.0
127.5,0.0,0.0
127.5,2.5,0.0
127.5,5.0,0.0
127.5,7.5,0.0
127.5,10.0,0.0
127.5,12.5,0.0
127.5,15.0,0.0
127.5,17.5,0.0
127.5,20.0,0.0
127.5,22.5,0.0
127.5,25.0,0.0
127.5,27.5,0.0
127.5,30.0,0.0
127.5,32.5,0.0
127.5,35.0,0.0
127.5,37.5,0.0
127.5,40.0,0.0
127.5,42.5,0.0
127.5,45.0,0.0
127.5,47.5,0.0
127.5,50.0,0.0
127.5,52.5,0.0
127.5,55.0,0.0
127.5,57.5,0.0
127.5,60.0,0.0
127.5,62.5,0.0
127.5,65.0,0.0
127.5,67.5,0.0
127.5,70.0,0.0
127.5,72.5,0.0
127.5,75.0,0.0
127.5,77.5,0.0
127.5,80.0,0.0
127.5,82.5,0.0
127.5,85.0,0.0
127.5,87.5,0.0
127.5,90.0,0.0
127.5,92.5,0.0
127.5,95.0,0.0
127.5,97.5,0.0
130.0,0.0,0.0
130.0,2.5,0.0
130.0,5.0,0.0
130.0,7.5,0.0
130.0,10.0,0.0
130.0,12.5,0.0
130.0,15.0,0.0
130.0,17.5,0.0
130.0,20.0,0.0
130.0,22.5,0.0
130.0,25.0,0.0
130.0,27.5,0.0
130.0,30.0,0.0
130.0,32.5,0.0
130.0,35.0,0.0
130.0,37.5,0.0
130.0,40.0,0.0
130.0,42.5,0.0
130.0,45.0,0.0
130.0,47.5,0.0
130.0,50.0,0.0
130.0,52.5,0.0
130.0,55.0,0.0
130.0,57.5,0.0
130.0,60.0,0.0
130.0,62.5,0.0
130.0,65.0,0.0
130.0,67.5,0.0
130.0,70.0,0.0
130.0,72.5,0.0
130.0,75.0,0.0
130.0,77.5,0.0
130.0,80.0,0.0
130.0,82.5,0.0
130.0,85.0,0.0
130.0,87.5,0.0
130.0,90.0,0.0
130.0,92.5,0.0
130.0,95.0,0.0
130.0,97.5,0.0
132.5,0.0,0.0
132.5,2.5,0.0
132.5,5.0,0.0
132.5,7.5,0.0
132.5,10.0,0.0
132.5,12.5,0.0
132.5,15.0,0.0
132.5,17.5,0.0
132.5,20.0,0.0
132.5,22.5,0.0
132.5,25.0,0.0
132.5,27.5,0.0
132.5,30.0,0.0
132.5,32.5,0.0
132.5,35.0,0.0
132.5,37.5,0.0
132.5,40.0,0.0
132.5,42.5,0.0
132.5,45.0,0.0
132.5,47.5,0.0
132.5,50.0,0.0
132.5,52.5,0.0
132.5,55.0,0.0
132.5,57.5,0.0
132.5,60.0,0.0
132.5,62.5,0.0
132.5,65.0,0.0
132.5,67.5,0.0
132.5,70.0,0.0
132.5,72.5,0.0
132.5,75.0,0.0
132.5,77.5,0.0
132.5,80.0,0.0
132.5,82.5,0.0
132.5,85.0,0.0
132.5,87.5,0.0
132.5,90.0,0.0
132.5,92.5,0.0
132.5,95.0,0.0
132.5,97.5,0.0
135.0,0.0,0.0
135.0,2.5,0.0
135.0,5.0,0.0
135.0,7.5,0.0
135.0,10.0,0.0
135.0,12.5,0.0
135.0,15.0,0.0
135.0,17.5,0.0
135.0,20.0,0.0
135.0,22.5,0.0
135.0,25.0,0.0
135.0,27.5,0.0
135.0,30.0,0.0
135.0,32.5,0.0
135.0,35.0,0.0
135.0,37.5,0.0
135.0,40.0,0.0
135.0,42.5,0.0
135.0,45.0,0.0
135.0,47.5,0.0
135.0,50.0,0.0
135.0,52.5,0.0
135.0,55.0,0.0
135.0,57.5,0.0
135.0,60.0,0.0
135.0,62.5,0.0
135.0,65.0,0.0
135.0,67.5,0.0
135.0,70.0,0.0
135.0,72.5,0.0
135.0,75.0,0.0
135.0,77.5,0.0
135.0,80.0,0.0
135.0,82.5,0.0
135.0,85.0,0.0
135.0,87.5,0.0
135.0,90.0,0.0
135.0,92.5,0.0
135.0,95.0,0.0
135.0,97.5,0.0
137.5,0.0,0.0
137.5,2.5,0.0
137.5,5.0,0.0
137.5,7.5,0.0
137.5,10.0,0.0
137.5,12.5,0.0
137.5,15.0,0.0
137.5,17.5,0.0
137.5,20.0,0.0
137.5,22.5,0.0
137.5,25.0,0.0
137.5,27.5,0.0
137.5,30.0,0.0
137.5,32.5,0.0
137.5,35.0,0.0
137.5,37.5,0.0
137.5,40.0,0.0
137.5,42.5,0.0
137.5,45.0,0.0
137.5,47.5,0.0
137.5,50.0,0.0
137.5,52.5,0.0
137.5,55.0,0.0
137.5,57.5,0.0
137.5,60.0,0.0
137.5,62.5,0.0
137.5,65.0,0.0
137.5,67.5,0.0
137.5,70.0,0.0
137.5,72.5,0.0
137.5,75.0,0.0
137.5,77.5,0.0
137.5,80.0,0.0
137.5,82.5,0.0
137.5,85.0,0.0
137.5,87.5,0.0
137.5,90.0,0.0
137.5,92.5,0.0
137.5,95.0,0.0
137.5,97.5,0.0
140.0,0.0,0.0
140.0,2.5,0.0
140.0,5.0,0.0
140.0,7.5,0.0
140.0,10.0,0.0
140.0,12.5,0.0
140.0,15.0,0.0
140.0,17.5,0.0
140.0,20.0,0.0
140.0,22.5,0.0
140.0,25.0,0.0
140.0,27.5,0.0
140.0,30.0,0.0
140.0,32.5,0.0
140.0,35.0,0.0
140.0,37.5,0.0
140.0,40.0,0.0
140.0,42.5,0.0
140.0,45.0,0.0
140.0,47.5,0.0
140.0,50.0,0.0
140.0,52.5,0.0
140.0,55.0,0.0
140.0,57.5,0.0
140.0,60.0,0.0
140.0,62.5,0.0
140.0,65.0,0.0
140.0,67.5,0.0
140.0,70.0,0.0
140.0,72.5,0.0
140.0,75.0,0.0
140.0,77.5,0.0
140.0,80.0,0.0
140.0,82.5,0.0
140.0,85.0,0.0
140.0,87.5,0.0
140.0,90.0,0.0
140.0,92.5,0.0
140.0,95.0,0.0
140.0,97.5,0.0
142.5,0.0,0.0
142.5,2.5,0.0
142.5,5.0,0.0
142.5,7.5,0.0
142.5,10.0,0.0
142.5,12.5,0.0
142.5,15.0,0.0
142.5,17.5,0.0
142.5,20.0,0.0
142.5,22.5,0.0
142.5,25.0,0.0
142.5,27.5,0.0
142.5,30.0,0.0
142.5,32.5,0.0
142.5,35.0,0.0
142.5,37.5,0.0
142.5,40.0,0.0
142.5,42.5,0.0
142.5,45.0,0.0
142.5,47.5,0.0
142.5,50.0,0.0
142.5,52.5,0.0
142.5,55.0,0.0
142.5,57.5,0.0
142.5,60.0,0.0
142.5,62.5,0.0
142.5,65.0,0.0
142.5,67.5,0.0
142.5,70.0,0.0
142.5,72.5,0.0
142.5,75.0,0.0
142.5,77.5,0.0
142.5,80.0,0.0
142.5,82.5,0.0
142.5,85.0,0.0
142.5,87.5,0.0
142.5,90.0,0.0
142.5,92.5,0.0
142.5,95.0,0.0
142.5,97.5,0.0
145.0,0.0,0.0
145.0,2.5,0.0
145.0,5.0,0.0
145.0,7.5,0.0
145.0,10.0,0.0
145.0,12.5,0.0
145.0,15.0,0.0
145.0,17.5,0.0
145.0,20.0,0.0
145.0,22.5,0.0
145.0,25.0,0.0
145.0,27.5,0.0
145.0,30.0,0.0
145.0,32.5,0.0
145.0,35.0,0.0
145.0,37.5,0.0
145.0,40.0,0.0
145.0,42.5,0.0
145.0,45.0,0.0
145.0,47.5,0.0
145.0,50.0,0.0
145.0,52.5,0.0
145.0,55.0,0.0
145.0,57.5,0.0
145.0,60.0,0.0
145.0,62.5,0.0
145.0,65.0,0.0
145.0,67.5,0.0
145.0,70.0,0.0
145.0,72.5,0.0
145.0,75.0,0.0
145.0,77.5,0.0
145.0,80.0,0.0
145.0,82.5,0.0
145.0,85.0,0.0
145.0,87.5,0.0
145.0,90.0,0.0
145.0,92.5,0.0
145.0,95.0,0.0
145.0,97.5,0.0
147.5,0.0,0.0
147.5,2.5,0.0
147.5,5.0,0.0
147.5,7.5,0.0
147.5,10.0,0.0
147.5,12.5,0.0
147.5,15.0,0.0
147.5,17.5,0.0
147.5,20.0,0.0
147.5,22.5,0.0
147.5,25.0,0.0
147.5,27.5,0.0
147.5,30.0,0.0
147.5,32.5,0.0
147.5,35.0,0.0
147.5,37.5,0.0
147.5,40.0,0.0
147.5,42.5,0.0
147.5,45.0,0.0
147.5,47.5,0.0
147.5,50.0,0.0
147.5,52.5,0.0
147.5,55.0,0.0
147.5,57.5,0.0
147.5,60.0,0.0
147.5,62.5,0.0
147.5,65.0,0.0
147.5,67.5,0.0
147.5,70.0,0.0
147.5,72.5,0.0
147.5,75.0,0.0
147.5,77.5,0.0
147.5,80.0,0.0
147.5,82.5,0.0
147.5,85.0,0.0
147.5,87.5,0.0
147.5,90.0,0.0
147.5,92.5,0.0
147.5,95.0,0.0
147.5,97.5,0.0
150.0,0.0,0.0
150.0,2.5,0.0
150.0,5.0,0.0
150.0,7.5,0.0
150.0,10.0,0.0
150.0,12.5,0.0
150.0,15.0,0.0
150.0,17.5,0.0
150.0,20.0,0.0
150.0,22.5,0.0
150.0,25.0,0.0
150.0,27.5,0.0
150.0,30.0,0.0
150.0,32.5,0.0
150.0,35.0,0.0
150.0,37.5,0.0
150.0,40.0,0.0
150.0,42.5,0.0
150.0,45.0,0.0
150.0,47.5,0.0
150.0,50.0,0.0
150.0,52.5,0.0
150.0,55.0,0.0
150.0,57.5,0.0
150.0,60.0,0.0
150.0,62.5,0.0
150.0,65.0,0.0
150.0,67.5,0.0
150.0,70.0,0.0
150.0,72.5,0.0
150.0,75.0,0.0
150.0,77.5,0.0
150.0,80.0,0.0
150.0,82.5,0.0
150.0,85.0,0.0
150.0,87.5,0.0
150.0,90.0,0.0
150.0,92.5,0.0
150.0,95.0,0.0
150.0,97.5,0.0
152.5,0.0,0.0
152.5,2.5,0.0
152.5,5.0,0.0
152.5,7.5,0.0
152.5,10.0,0.0
152.5,12.5,0.0
152.5,15.0,0.0
152.5,17.5,0.0
152.5,20.0,0.0
152.5,22.5,0.0
152.5,25.0,0.0
152.5,27.5,0.0
152.5,30.0,0.0
152.5,32.5,0.0
152.5,35.0,0.0
152.5,37.5,0.0
152.5,40.0,0.0
152.5,42.5,0.0
152.5,45.0,0.0
152.5,47.5,0.0
152.5,50.0,0.0
152.5,52.5,0.0
152.5,55.0,0.0
152.5,57.5,0.0
152.5,60.0,0.0
152.5,62.5,0.0
152.5,65.0,0.0
152.5,67.5,0.0
152.5,70.0,0.0
152.5,72.5,0.0
152.5,75.0,0.0
152.5,77.5,0.0
152.5,80.0,0.0
152.5,82.5,0.0
152.5,85.0,0.0
152.5,87.5,0.0
152.5,90.0,0.0
152.5,92.5,0.0
152.5,95.0,0.0
152.5,97.5,0.0
155.0,0.0,0.0
155.0,2.5,0.0
155.0,5.0,0.0
155.0,7.5,0.0
155.0,10.0,0.0
155.0,12.5,0.0
155.0,15.0,0.0
155.0,17.5,0.0
155.0,20.0,0.0
155.0,22.5,0.0
155.0,25.0,0.0
155.0,27.5,0.0
155.0,30.0,0.0
155.0,32.5,0.0
155.0,35.0,0.0
155.0,37.5,0.0
155.0,40.0,0.0
155.0,42.5,0.0
155.0,45.0,0.0
155.0,47.5,0.0
155.0,50.0,0.0
155.0,52.5,0.0
155.0,55.0,0.0
155.0,57.5,0.0
155.0,60.0,0.0
155.0,62.5,0.0
155.0,65.0,0.0
155.0,67.5,0.0
155.0,70.0,0.0
155.0,72.5,0.0
155.0,75.0,0.0
155.0,77.5,0.0
155.0,80.0,0.0
155.0,82.5,0.0
155.0,85.0,0.0
155.0,87.5,0.0
155.0,90.0,0.0
155.0,92.5,0.0
155.0,95.0,0.0
155.0,97.5,0.0
157.5,0.0,0.0
157.5,2.5,0.0
157.5,5.0,0.0
157.5,7.5,0.0
157.5,10.0,0.0
157.5,12.5,0.0
157.5,15.0,0.0
157.5,17.5,0.0
157.5,20.0,0.0
157.5,22.5,0.0
157.5,25.0,0.0
157.5,27.5,0.0
157.5,30.0,0.0
157.5,32.5,0.0
157.5,35.0,0.0
157.5,37.5,0.0
157.5,40.0,0.0
157.5,42.5,0.0
157.5,45.0,0.0
157.5,47.5,0.0
157.5,50.0,0.0
157.5,52.5,0.0
157.5,55.0,0.0
157.5,57.5,0.0
157.5,60.0,0.0
157.5,62.5,0.0
157.5,65.0,0.0
157.5,67.5,0.0
157.5,70.0,0.0
157.5,72.5,0.0
157.5,75.0,0.0
157.5,77.5,0.0
157.5,80.0,0.0
157.5,82.5,0.0
157.5,85.0,0.0
157.5,87.5,0.0
157.5,90.0,0.0
157.5,92.5,0.0
157.5,95.0,0.0
157.5,97.5,0.0
160.0,0.0,0.0
160.0,2.5,0.0
160.0,5.0,0.0
160.0,7.5,0.0
160.0,10.0,0.0
160.0,12.5,0.0
160.0,15.0,0.0
160.0,17.5,0.0
160.0,20.0,0.0
160.0,22.5,0.0
160.0,25.0,0.0
160.0,27.5,0.0
160.0,30.0,0.0
160.0,32.5,0.0
160.0,35.0,0.0
160.0,37.5,0.0
160.0,40.0,0.0
160.0,42.5,0.0
160.0,45.0,0.0
160.0,47.5,0.0
160.0,50.0,0.0
160.0,52.5,0.0
160.0,55.0,0.0
160.0,57.5,0.0
160.0,60.0,0.0
160.0,62.5,0.0
160.0,65.0,0.0
160.0,67.5,0.0
160.0,70.0,0.0
160.0,72.5,0.0
160.0,75.0,0.0
160.0,77.5,0.0
160.0,80.0,0.0
160.0,82.5,0.0
160.0,85.0,0.0
160.0,87.5,0.0
160.0,90.0,0.0
160.0,92.5,0.0
160.0,95.0,0.0
160.0,97.5,0.0
162.5,0.0,0.0
162.5,2.5,0.0
162.5,5.0,0.0
162.5,7.5,0.0
162.5,10.0,0.0
162.5,12.5,0.0
162.5,15.0,0.0
162.5,17.5,0.0
162.5,20.0,0.0
162.5,22.5,0.0
162.5,25.0,0.0
162.5,27.5,0.0
162.5,30.0,0.0
162.5,32.5,0.0
162.5,35.0,0.0
162.5,37.5,0.0
162.5,40.0,0.0
162.5,42.5,0.0
162.5,45.0,0.0
162.5,47.5,0.0
162.5,50.0,0.0
162.5,52.5,0.0
162.5,55.0,0.0
162.5,57.5,0.0
162.5,60.0,0.0
162.5,62.5,0.0
162.5,65.0,0.0
162.5,67.5,0.0
162.5,70.0,0.0
162.5,72.5,0.0
162.5,75.0,0.0
162.5,77.5,0.0
162.5,80.0,0.0
162.5,82.5,0.0
162.5,85.0,0.0
162.5,87.5,0.0
162.5,90.0,0.0
162.5,92.5,0.0
162.5,95.0,0.0
162.5,97.5,0.0
165.0,0.0,0.0
165.0,2.5,0.0
165.0,5.0,0.0
165.0,7.5,0.0
165.0,10.0,0.0
165.0,12.5,0.0
165.0,15.0,0.0
165.0,17.5,0.0
165.0,20.0,0.0
165.0,22.5,0.0
165.0,25.0,0.0
165.0,27.5,0.0
165.0,30.0,0.0
165.0,32.5,0.0
165.0,35.0,0.0
165.0,37.5,0.0
165.0,40.0,0.0
165.0,42.5,0.0
165.0,45.0,0.0
165.0,47.5,0.0
165.0,50.0,0.0
165.0,52.5,0.0
165.0,55.0,0.0
165.0,57.5,0.0
165.0,60.0,0.0
165.0,62.5,0.0
165.0,65.0,0.0
165.0,67.5,0.0
165.0,70.0,0.0
165.0,72.5,0.0
165.0,75.0,0.0
165.0,77.5,0.0
165.0,80.0,0.0
165.0,82.5,0.0
165.0,85.0,0.0
165.0,87.5,0.0
165.0,90.0,0.0
165.0,92.5,0.0
165.0,95.0,0.0
165.0,97.5,0.0
167.5,0.0,0.0
167.5,2.5,0.0
167.5,5.0,0.0
167.5,7.5,0.0
167.5,10.0,0.0
167.5,12.5,0.0
167.5,15.0,0.0
167.5,17.5,0.0
167.5,20.0,0.0
167.5,22.5,0.0
167.5,25.0,0.0
167.5,27.5,0.0
167.5,30.0,0.0
167.5,32.5,0.0
167.5,35.0,0.0
167.5,37.5,0.0
167.5,40.0,0.0
167.5,42.5,0.0
167.5,45.0,0.0
167.5,47.5,0.0
167.5,50.0,0.0
167.5,52.5,0.0
167.5,55.0,0.0
167.5,57.5,0.0
167.5,60.0,0.0
167.5,62.5,0.0
167.5,65.0,0.0
167.5,67.5,0.0
167.5,70.0,0.0
167.5,72.5,0.0
167.5,75.0,0.0
167.5,77.5,0.0
167.5,80.0,0.0
167.5,82.5,0.0
167.5,85.0,0.0
167.5,87.5,0.0
167.5,90.0,0.0
167.5,92.5,0.0
167.5,95.0,0.0
167.5,97.5,0.0
170.0,0.0,0.0
170.0,2.5,0.0
170.0,5.0,0.0
170.0,7.5,0.0
170.0,10.0,0.0
170.0,12.5,0.0
170.0,15.0,0.0
170.0,17.5,0.0
170.0,20.0,0.0
170.0,22.5,0.0
170.0,25.0,0.0
170.0,27.5,0.0
170.0,30.0,0.0
170.0,32.5,0.0
170.0,35.0,0.0
170.0,37.5,0.0
170.0,40.0,0.0
170.0,42.5,0.0
170.0,45.0,0.0
170.0,47.5,0.0
170.0,50.0,0.0
170.0,52.5,0.0
170.0,55.0,0.0
170.0,57.5,0.0
170.0,60.0,0.0
170.0,62.5,0.0
170.0,65.0,0.0
170.0,67.5,0.0
170.0,70.0,0.0
170.0,72.5,0.0
170.0,75.0,0.0
170.0,77.5,0.0
170.0,80.0,0.0
170.0,82.5,0.0
170.0,85.0,0.0
170.0,87.5,0.0
170.0,90.0,0.0
170.0,92.5,0.0
170.0,95.0,0.0
170.0,97.5,0.0
172.5,0.0,0.0
172.5,2.5,0.0
172.5,5.0,0.0
172.5,7.5,0.0
172.5,10.0,0.0
172.5,12.5,0.0
172.5,15.0,0.0
172.5,17.5,0.0
172.5,20.0,0.0
172.5,22.5,0.0
172.5,25.0,0.0
172.5,27.5,0.0
172.5,30.0,0.0
172.5,32.5,0.0
172.5,35.0,0.0
172.5,37.5,0.0
172.5,40.0,0.0
172.5,42.5,0.0
172.5,45.0,0.0
172.5,47.5,0.0
172.5,50.0,0.0
172.5,52.5,0.0
172.5,55.0,0.0
172.5,57.5,0.0
172.5,60.0,0.0
172.5,62.5,0.0
172.5,65.0,0.0
172.5,67.5,0.0
172.5,70.0,0.0
172.5,72.5,0.0
172.5,75.0,0.0
172.5,77.5,0.0
172.5,80.0,0.0
172.5,82.5,0.0
172.5,85.0,0.0
172.5,87.5,0.0
172.5,90.0,0.0
172.5,92.5,0.0
172.5,95.0,0.0
172.5,97.5,0.0
175.0,0.0,0.0
175.0,2.5,0.0
175.0,5.0,0.0
175.0,7.5,0.0
175.0,10.0,0.0
175.0,12.5,0.0
175.0,15.0,0.0
175.0,17.5,0.0
175.0,20.0,0.0
175.0,22.5,0.0
175.0,25.0,0.0
175.0,27.5,0.0
175.0,30.0,0.0
175.0,32.5,0.0
175.0,35.0,0.0
175.0,37.5,0.0
175.0,40.0,0.0
175.0,42.5,0.0
175.0,45.0,0.0
175.0,47.5,0.0
175.0,50.0,0.0
175.0,52.5,0.0
175.0,55.0,0.0
175.0,57.5,0.0
175.0,60.0,0.0
175.0,62.5,0.0
175.0,65.0,0.0
175.0,67.5,0.0
175.0,70.0,0.0
175.0,72.5,0.0
175.0,75.0,0.0
175.0,77.5,0.0
175.0,80.0,0.0
175.0,82.5,0.0
175.0,85.0,0.0
175.0,87.5,0.0
175.0,90.0,0.0
175.0,92.5,0.0
175.0,95.0,0.0
175.0,97.5,0.0
177.5,0.0,0.0
177.5,2.5,0.0
177.5,5.0,0.0
177.5,7.5,0.0
177.5,10.0,0.0
177.5,12.5,0.0
177.5,15.0,0.0
177.5,17.5,0.0
177.5,20.0,0.0
177.5,22.5,0.0
177.5,25.0,0.0
177.5,27.5,0.0
177.5,30.0,0.0
177.5,32.5,0.0
177.5,35.0,0.0
177.5,37.5,0.0
177.5,40.0,0.0
177.5,42.5,0.0
177.5,45.0,0.0
177.5,47.5,0.0
177.5,50.0,0.0
177.5,52.5,0.0
177.5,55.0,0.0
177.5,57.5,0.0
177.5,60.0,0.0
177.5,62.5,0.0
177.5,65.0,0.0
177.5,67.5,0.0
177.5,70.0,0.0
177.5,72.5,0.0
177.5,75.0,0.0
177.5,77.5,0.0
177.5,80.0,0.0
177.5,82.5,0.0
177.5,85.0,0.0
177.5,87.5,0.0
177.5,90.0,0.0
177.5,92.5,0.0
177.5,95.0,0.0
177.5,97.5,0.0
180.0,0.0,0.0
180.0,2.5,0.0
180.0,5.0,0.0
180.0,7.5,0.0
180.0,10.0,0.0
180.0,12.5,0.0
180.0,15.0,0.0
180.0,17.5,0.0
180.0,20.0,0.0
180.0,22.5,0.0
180.0,25.0,0.0
180.0,27.5,0.0
180.0,30.0,0.0
180.0,32.5,0.0
180.0,35.0,0.0
180.0,37.5,0.0
180.0,40.0,0.0
180.0,42.5,0.0
180.0,45.0,0.0
180.0,47.5,0.0
180.0,50.0,0.0
180.0,52.5,0.0
180.0,55.0,0.0
180.0,57.5,0.0
180.0,60.0,0.0
180.0,62.5,0.0
180.0,65.0,0.0
180.0,67.5,0.0
180.0,70.0,0.0
180.0,72.5,0.0
180.0,75.0,0.0
180.0,77.5,0.0
180.0,80.0,0.0
180.0,82.5,0.0
180.0,85.0,0.0
180.0,87.5,0.0
180.0,90.0,0.0
180.0,92.5,0.0
180.0,95.0,0.0
180.0,97.5,0.0
182.5,0.0,0.0
182.5,2.5,0.0
182.5,5.0,0.0
182.5,7.5,0.0
182.5,10.0,0.0
182.5,12.5,0.0
182.5,15.0,0.0
182.5,17.5,0.0
182.5,20.0,0.0
182.5,22.5,0.0
182.5,25.0,0.0
182.5,27.5,0.0
182.5,30.0,0.0
182.5,32.5,0.0
182.5,35.0,0.0
182.5,37.5,0.0
182.5,40.0,0.0
182.5,42.5,0.0
182.5,45.0,0.0
182.5,47.5,0.0
182.5,50.0,0.0
182.5,52.5,0.0
182.5,55.0,0.0
182.5,57.5,0.0
182.5,60.0,0.0
182.5,62.5,0.0
182.5,65.0,0.0
182.5,67.5,0.0
182.5,70.0,0.0
182.5,72.5,0.0
182.5,75.0,0.0
182.5,77.5,0.0
182.5,80.0,0.0
182.5,82.5,0.0
182.5,85.0,0.0
182.5,87.5,0.0
182.5,90.0,0.0
182.5,92.5,0.0
182.5,95.0,0.0
182.5,97.5,0.0
185.0,0.0,0.0
185.0,2.5,0.0
185.0,5.0,0.0
185.0,7.5,0.0
185.0,10.0,0.0
185.0,12.5,0.0
185.0,15.0,0.0
185.0,17.5,0.0
185.0,20.0,0.0
185.0,22.5,0.0
185.0,25.0,0.0
185.0,27.5,0.0
185.0,30.0,0.0
185.0,32.5,0.0
185.0,35.0,0.0
185.0,37.5,0.0
185.0,40.0,0.0
185.0,42.5,0.0
185.0,45.0,0.0
185.0,47.5,0.0
185.0,50.0,0.0
185.0,52.5,0.0
185.0,55.0,0.0
185.0,57.5,0.0
185.0,60.0,0.0
185.0,62.5,0.0
185.0,65.0,0.0
185.0,67.5,0.0
185.0,70.0,0.0
185.0,72.5,0.0
185.0,75.0,0.0
185.0,77.5,0.0
185.0,80.0,0.0
185.0,82.5,0.0
185.0,85.0,0.0
185.0,87.5,0.0
185.0,90.0,0.0
185.0,92.5,0.0
185.0,95.0,0.0
185.0,97.5,0.0
187.5,0.0,0.0
187.5,2.5,0.0
187.5,5.0,0.0
187.5,7.5,0.0
187.5,10.0,0.0
187.5,12.5,0.0
187.5,15.0,0.0
187.5,17.5,0.0
187.5,20.0,0.0
187.5,22.5,0.0
187.5,25.0,0.0
187.5,27.5,0.0
187.5,30.0,0.0
187.5,32.5,0.0
187.5,35.0,0.0
187.5,37.5,0.0
187.5,40.0,0.0
187.5,42.5,0.0
187.5,45.0,0.0
187.5,47.5,0.0
187.5,50.0,0.0
187.5,52.5,0.0
187.5,55.0,0.0
187.5,57.5,0.0
187.5,60.0,0.0
187.5,62.5,0.0
187.5,65.0,0.0
187.5,67.5,0.0
187.5,70.0,0.0
187.5,72.5,0.0
187.5,75.0,0.0
187.5,77.5,0.0
187.5,80.0,0.0
187.5,82.5,0.0
187.5,85.0,0.0
187.5,87.5,0.0
187.5,90.0,0.0
187.5,92.5,0.0
187.5,95.0,0.0
187.5,97.5,0.0
190.0,0.0,0.0
190.0,2.5,0.0
190.0,5.0,0.0
190.0,7.5,0.0
190.0,10.0,0.0
190.0,12.5,0.0
190.0,15.0,0.0
190.0,17.5,0.0
190.0,20.0,0.0
190.0,22.5,0.0
190.0,25.0,0.0
190.0,27.5,0.0
190.0,30.0,0.0
190.0,32.5,0.0
190.0,35.0,0.0
190.0,37.5,0.0
190.0,40.0,0.0
190.0,42.5,0.0
190.0,45.0,0.0
190.0,47.5,0.0
190.0,50.0,0.0
190.0,52.5,0.0
190.0,55.0,0.0
190.0,57.5,0.0
190.0,60.0,0.0
190.0,62.5,0.0
190.0,65.0,0.0
190.0,67.5,0.0
190.0,70.0,0.0
190.0,72.5,0.0
190.0,75.0,0.0
190.0,77.5,0.0
190.0,80.0,0.0
190.0,82.5,0.0
190.0,85.0,0.0
190.0,87.5,0.0
190.0,90.0,0.0
190.0,92.5,0.0
190.0,95.0,0.0
190.0,97.5,0.0
192.5,0.0,0.0
192.5,2.5,0.0
192.5,5.0,0.0
192.5,7.5,0.0
192.5,10.0,0.0
192.5,12.5,0.0
192.5,15.0,0.0
192.5,17.5,0.0
192.5,20.0,0.0
192.5,22.5,0.0
192.5,25.0,0.0
192.5,27.5,0.0
192.5,30.0,0.0
192.5,32.5,0.0
192.5,35.0,0.0
192.5,37.5,0.0
192.5,40.0,0.0
192.5,42.5,0.0
192.5,45.0,0.0
192.5,47.5,0.0
192.5,50.0,0.0
192.5,52.5,0.0
192.5,55.0,0.0
192.5,57.5,0.0
192.5,60.0,0.0
192.5,62.5,0.0
192.5,65.0,0.0
192.5,67.5,0.0
192.5,70.0,0.0
192.5,72.5,0.0
192.5,75.0,0.0
192.5,77.5,0.0
192.5,80.0,0.0
192.5,82.5,0.0
192.5,85.0,0.0
192.5,87.5,0.0
192.5,90.0,0.0
192.5,92.5,0.0
192.5,95.0,0.0
192.5,97.5,0.0
195.0,0.0,0.0
195.0,2.5,0.0
195.0,5.0,0.0
195.0,7.5,0.0
195.0,10.0,0.0
195.0,12.5,0.0
195.0,15.0,0.0
195.0,17.5,0.0
195.0,20.0,0.0
195.0,22.5,0.0
195.0,25.0,0.0
195.0,27.5,0.0
195.0,30.0,0.0
195.0,32.5,0.0
195.0,35.0,0.0
195.0,37.5,0.0
195.0,40.0,0.0
195.0,42.5,0.0
195.0,45.0,0.0
195.0,47.5,0.0
195.0,50.0,0.0
195.0,52.5,0.0
195.0,55.0,0.0
195.0,57.5,0.0
195.0,60.0,0.0
195.0,62.5,0.0
195.0,65.0,0.0
195.0,67.5,0.0
195.0,70.0,0.0
195.0,72.5,0.0
195.0,75.0,0.0
195.0,77.5,0.0
195.0,80.0,0.0
195.0,82.5,0.0
195.0,85.0,0.0
195.0,87.5,0.0
195.0,90.0,0.0
195.0,92.5,0.0
195.0,95.0,0.0
195.0,97.5,0.0
197.5,0.0,0.0
197.5,2.5,0.0
197.5,5.0,0.0
197.5,7.5,0.0
197.5,10.0,0.0
197.5,12.5,0.0
197.5,15.0,0.0
197.5,17.5,0.0
197.5,20.0,0.0
197.5,22.5,0.0
197.5,25.0,0.0
197.5,27.5,0.0
197.5,30.0,0.0
197.5,32.5,0.0
197.5,35.0,0.0
197.5,37.5,0.0
197.5,40.0,0.0
197.5,42.5,0.0
197.5,45.0,0.0
197.5,47.5,0.0
197.5,50.0,0.0
197.5,52.5,0.0
197.5,55.0,0.0
197.5,57.5,0.0
197.5,60.0,0.0
197.5,62.5,0.0
197.5,65.0,0.0
197.5,67.5,0.0
197.5,70.0,0.0
197.5,72.5,0.0
197.5,75.0,0.0
197.5,77.5,0.0
197.5,80.0,0.0
197.5,82.5,0.0
197.5,85.0,0.0
197.5,87.5,0.0
197.5,90.0,0.0
197.5,92.5,0.0
197.5,95.0,0.0
197.5,97.5,0.0
